resume,job_description,label
"Python developer with machine learning, scikit-learn, pandas, SQL, REST API and Git experience","Looking for a Python developer skilled in machine learning, SQL, REST APIs and Git",1
"Backend developer: Python, Django, REST API design, PostgreSQL, Git, unit testing","Backend Python engineer building REST APIs with SQL databases and Git workflows",1
"Data analyst with pandas, numpy, SQL, machine learning and Python projects","Python data science associate with pandas, SQL, machine learning and predictive modeling",1
"Fresher with Python, OOP, data structures, SQL, Git and REST API projects","Entry level Python developer: OOP, data structures, SQL, REST APIs, Git, SDLC",1
"NLP projects using Python, scikit-learn, TF-IDF and text classification","AI engineer to build NLP and machine learning models in Python",1
"Java Android developer with MySQL and REST API integration","Backend developer with Java, MySQL and REST API experience",1
"Graphic designer skilled in Photoshop, Illustrator, branding and typography","Looking for a Python developer skilled in machine learning, SQL, REST APIs and Git",0
"Chef with restaurant management and menu planning experience","Backend Python engineer building REST APIs with SQL databases and Git workflows",0
"Civil engineer with AutoCAD, site supervision and structural design","Python data science associate with pandas, SQL, machine learning and predictive modeling",0
"Sales executive with lead generation, cold calling and CRM experience","Entry level Python developer: OOP, data structures, SQL, REST APIs, Git, SDLC",0
"Content writer with SEO, blogging and social media marketing skills","AI engineer to build NLP and machine learning models in Python",0
"Accountant with Tally, GST filing and financial reporting","Backend developer with Java, MySQL and REST API experience",0
